file_id,source_type,persona_id,tsne_x,tsne_y,umap_x,umap_y
乔迅（Jonathan Hay）_清初中国的绘画与现代性\1.1_石涛画像.txt,human,human_expert,2.5963242,16.172607,-1.2393947,8.404237
乔迅（Jonathan Hay）_清初中国的绘画与现代性\1.2_1700年左右的扬州.txt,human,human_expert,-0.29591316,-13.111234,-2.8966782,16.050299
乔迅（Jonathan Hay）_清初中国的绘画与现代性\1.3_江南的绘画与现代性.txt,human,human_expert,3.294283,15.6046915,-1.2819446,8.3529415
乔迅（Jonathan Hay）_清初中国的绘画与现代性\1.4_现代性地理志.txt,human,human_expert,6.945885,2.92716,-0.57752377,11.682298
乔迅（Jonathan Hay）_清初中国的绘画与现代性\10.1_画家的欲望.txt,human,human_expert,-2.517657,-0.9576006,-1.0476401,13.440941
乔迅（Jonathan Hay）_清初中国的绘画与现代性\10.2_属于自己的时刻.txt,human,human_expert,5.717682,10.263915,-0.695973,9.923078
乔迅（Jonathan Hay）_清初中国的绘画与现代性\10.3_大限.txt,human,human_expert,5.2431674,13.346048,-0.95125663,8.986359
乔迅（Jonathan Hay）_清初中国的绘画与现代性\2.1_山水中的人物.txt,human,human_expert,4.9687667,11.032522,-0.4547851,9.583293
乔迅（Jonathan Hay）_清初中国的绘画与现代性\2.2_自传式的指涉.txt,human,human_expert,0.6247812,8.516168,0.40502137,10.643499
乔迅（Jonathan Hay）_清初中国的绘画与现代性\2.3_休闲及其寂静.txt,human,human_expert,6.6396484,10.82757,-0.5572122,9.891488
乔迅（Jonathan Hay）_清初中国的绘画与现代性\2.4_朝代转换之间的野逸.txt,human,human_expert,7.116613,10.173362,-0.3344919,9.921306
乔迅（Jonathan Hay）_清初中国的绘画与现代性\2.5_模棱两可的士人.txt,human,human_expert,4.6618385,14.716308,-1.309175,8.604182
乔迅（Jonathan Hay）_清初中国的绘画与现代性\2.6_文人生活的场景营造.txt,human,human_expert,-2.9581943,8.146039,-0.097596824,11.038109
乔迅（Jonathan Hay）_清初中国的绘画与现代性\3.1_感时论世的对话空间.txt,human,human_expert,6.881139,3.0572567,-0.27819648,11.569883
乔迅（Jonathan Hay）_清初中国的绘画与现代性\3.2_费氏先莹.txt,human,human_expert,1.7646298,6.923178,-0.030238649,11.341595
乔迅（Jonathan Hay）_清初中国的绘画与现代性\3.3_黄又的游旅.txt,human,human_expert,3.8305712,10.8751335,-0.17385705,9.652179
乔迅（Jonathan Hay）_清初中国的绘画与现代性\3.4_1705年的洪水.txt,human,human_expert,1.0441146,-11.971203,-3.2562525,15.744059
乔迅（Jonathan Hay）_清初中国的绘画与现代性\4.1_追溯石涛早年至1692年的人生历程.txt,human,human_expert,2.4091623,-12.9020605,-3.5745971,16.2975
乔迅（Jonathan Hay）_清初中国的绘画与现代性\4.2_从清湘到宣城.txt,human,human_expert,0.13676664,-10.071622,-2.678426,15.391848
乔迅（Jonathan Hay）_清初中国的绘画与现代性\4.3_从宣城到北京.txt,human,human_expert,1.0844458,9.039719,0.028581114,10.14711
乔迅（Jonathan Hay）_清初中国的绘画与现代性\4.4_自传式的艺术形态.txt,human,human_expert,-1.18,8.830108,-0.66525173,10.738995
乔迅（Jonathan Hay）_清初中国的绘画与现代性\5.1_扬州及邻近区域.txt,human,human_expert,-1.3901867,6.740362,-0.22338353,11.318808
乔迅（Jonathan Hay）_清初中国的绘画与现代性\5.2_石涛与八大山人.txt,human,human_expert,-1.2181132,-3.9452772,-1.9513621,13.48113
乔迅（Jonathan Hay）_清初中国的绘画与现代性\5.3_靖江后人.txt,human,human_expert,-1.8602035,7.4102306,-0.49874446,10.976352
乔迅（Jonathan Hay）_清初中国的绘画与现代性\5.4_宗室遗孤.txt,human,human_expert,7.8147826,8.77338,0.20452209,9.856964
乔迅（Jonathan Hay）_清初中国的绘画与现代性\6.1_职业画僧.txt,human,human_expert,2.9961317,10.9291315,-0.9755804,10.205812
乔迅（Jonathan Hay）_清初中国的绘画与现代性\6.2_清初的职业文人.txt,human,human_expert,2.7962039,4.5295634,-0.34446466,11.678981
乔迅（Jonathan Hay）_清初中国的绘画与现代性\6.3_画家与赞助人.txt,human,human_expert,1.1976078,16.0955,-0.69441587,8.572042
乔迅（Jonathan Hay）_清初中国的绘画与现代性\6.4_生产策略.txt,human,human_expert,-1.6570065,7.9248047,-0.50382763,10.693788
乔迅（Jonathan Hay）_清初中国的绘画与现代性\6.5_弟子身兼赞助人.txt,human,human_expert,2.7889156,-12.433134,-3.689554,16.316883
乔迅（Jonathan Hay）_清初中国的绘画与现代性\7.1_扬州绘画市场.txt,human,human_expert,1.9245721,6.9796576,0.2628947,11.356239
乔迅（Jonathan Hay）_清初中国的绘画与现代性\7.2_自况画.txt,human,human_expert,-0.8319575,8.534789,-0.50539297,10.700311
乔迅（Jonathan Hay）_清初中国的绘画与现代性\7.3_装饰画.txt,human,human_expert,-2.0463665,-8.123619,-1.9636992,14.908697
乔迅（Jonathan Hay）_清初中国的绘画与现代性\7.4_纪念画.txt,human,human_expert,4.5209002,6.849725,0.64311004,10.629022
乔迅（Jonathan Hay）_清初中国的绘画与现代性\7.5_幻象与价值.txt,human,human_expert,5.7791667,14.359249,-0.896139,8.820585
乔迅（Jonathan Hay）_清初中国的绘画与现代性\8.1_清初画坛.txt,human,human_expert,0.6169753,-11.614842,-3.1960566,15.723545
乔迅（Jonathan Hay）_清初中国的绘画与现代性\8.2_经世致用的伦理观.txt,human,human_expert,3.0010946,-3.295827,-2.1316183,13.257344
乔迅（Jonathan Hay）_清初中国的绘画与现代性\8.3_石涛论技.txt,human,human_expert,5.9774456,8.425276,0.23193868,9.842466
乔迅（Jonathan Hay）_清初中国的绘画与现代性\8.4_1703年为刘氏作山水大册.txt,human,human_expert,2.0299466,-1.3482838,-1.6246889,12.848149
乔迅（Jonathan Hay）_清初中国的绘画与现代性\9.1_禅师画家.txt,human,human_expert,0.417241,3.2525463,-0.41325912,12.147766
乔迅（Jonathan Hay）_清初中国的绘画与现代性\9.2_方士画家.txt,human,human_expert,4.3724875,7.1114497,0.73665714,10.671862
乔迅（Jonathan Hay）_清初中国的绘画与现代性\9.3_一与至人.txt,human,human_expert,0.33637908,13.696083,-0.47068167,8.376549
乔迅（Jonathan Hay）_清初中国的绘画与现代性\9.4_自主的哲学.txt,human,human_expert,-2.3226764,4.4011607,-0.5266924,11.3733835
列文森（Joseph Levenson）_从绘画所见明代与清初社会中的业余爱好理想\1_引言.txt,human,human_expert,-0.5232451,4.9982157,-1.1984553,11.09647
列文森（Joseph Levenson）_从绘画所见明代与清初社会中的业余爱好理想\2.1_明代的社会风格.txt,human,human_expert,1.5927851,-2.362364,-1.9045881,12.762051
列文森（Joseph Levenson）_从绘画所见明代与清初社会中的业余爱好理想\2.2_明代的绘画风格.txt,human,human_expert,0.58839744,1.617844,-1.2243499,12.135913
列文森（Joseph Levenson）_从绘画所见明代与清初社会中的业余爱好理想\3.1_绘画中的“南北宗”.txt,human,human_expert,0.6603094,-8.677122,-2.822998,14.47592
列文森（Joseph Levenson）_从绘画所见明代与清初社会中的业余爱好理想\3.2_儒生对佛教美学的选择.txt,human,human_expert,-0.3227309,5.494232,-1.2365706,10.720758
列文森（Joseph Levenson）_从绘画所见明代与清初社会中的业余爱好理想\3.3_性灵的成规化.txt,human,human_expert,1.8900697,14.644089,-0.74493605,8.392551
列文森（Joseph Levenson）_从绘画所见明代与清初社会中的业余爱好理想\3.4_官与因循守旧的美学：从反面对这两者联系的一个肯定.txt,human,human_expert,-0.38783672,-0.09071838,-1.7405322,12.4537525
列文森（Joseph Levenson）_从绘画所见明代与清初社会中的业余爱好理想\4.1_流派界限的模糊化.txt,human,human_expert,-0.16148046,4.7229486,-1.3718616,11.309664
列文森（Joseph Levenson）_从绘画所见明代与清初社会中的业余爱好理想\4.2_收藏家与鉴赏家.txt,human,human_expert,2.1887417,15.498607,-0.9987576,8.1304245
列文森（Joseph Levenson）_从绘画所见明代与清初社会中的业余爱好理想\5.1_判断“衰落”的相对性.txt,human,human_expert,5.3172894,11.059679,-0.5878127,9.601738
列文森（Joseph Levenson）_从绘画所见明代与清初社会中的业余爱好理想\5.2_民族主义：文化变革与做官的职业化.txt,human,human_expert,3.6965244,15.085183,-1.3905944,8.384568
洪再辛_海外中国画研究文选（1950-1987）\导言.txt,human,human_expert,0.87750196,-6.4668107,-2.2782686,13.925655
聂崇正_清代宫廷绘画\1_清以前的宫廷绘画概述.txt,human,human_expert,2.1252482,-12.578558,-3.6079688,16.21372
聂崇正_清代宫廷绘画\2.1_绘画机构的设置.txt,human,human_expert,3.4512773,13.393613,-0.82533205,8.912302
聂崇正_清代宫廷绘画\2.2_画家的工作场所与称谓.txt,human,human_expert,3.6704938,15.962148,-1.4006511,8.174833
聂崇正_清代宫廷绘画\2.3_宫廷绘画的管理制度.txt,human,human_expert,3.9076076,16.952415,-1.2933633,8.020338
聂崇正_清代宫廷绘画\3.1_清代宫廷绘画的分期.txt,human,human_expert,3.7565944,16.622807,-1.4101752,8.046423
聂崇正_清代宫廷绘画\3.2.1_纪实绘画.txt,human,human_expert,1.102345,-11.173281,-3.3181887,15.510972
聂崇正_清代宫廷绘画\3.2.2_历史绘画.txt,human,human_expert,6.391798,12.4885435,-0.7904297,9.453873
聂崇正_清代宫廷绘画\3.2.3_装饰性绘画.txt,human,human_expert,1.0242965,0.9150759,-0.7921953,12.573821
聂崇正_清代宫廷绘画\3.2.4_宗教绘画.txt,human,human_expert,-4.096224,-7.4098225,-1.2541623,15.118959
聂崇正_清代宫廷绘画\3.2.5_油画和版画.txt,human,human_expert,-3.5674012,-1.8830637,-0.6922388,13.641071
聂崇正_清代宫廷绘画\4.1_“臣”字款的画.txt,human,human_expert,2.3166056,1.4016079,-1.2091309,12.120119
聂崇正_清代宫廷绘画\4.2_纪实绘画的重要价值.txt,human,human_expert,1.717673,4.2033916,-0.46712,11.826525
聂崇正_清代宫廷绘画\4.3_描绘塞外风光的新题材.txt,human,human_expert,3.6170182,9.59116,-0.003325352,9.771172
聂崇正_清代宫廷绘画\4.4_中西合璧的新画风.txt,human,human_expert,2.0322769,14.469669,-0.73126835,8.382598
聂崇正_清代宫廷绘画\4.5_对清代宫廷绘画的整体评价与研究展望.txt,human,human_expert,2.1205854,2.3202105,-0.93951225,11.82063
苏利文（Sullivan）_山川悠远 中国山水画艺术\1_中国山水画的欣赏特质.txt,human,human_expert,0.8859533,-3.095219,-2.0811844,13.104657
苏利文（Sullivan）_山川悠远 中国山水画艺术\2.1.1_中国早期艺术中韵律感的表现及其对山水画的基础作用.txt,human,human_expert,5.791432,7.958473,0.6067913,10.148902
苏利文（Sullivan）_山川悠远 中国山水画艺术\2.1.2_汉代绘画中山水作为故事背景的初步尝试和局限.txt,human,human_expert,3.9080188,8.839335,-0.15163589,10.33006
苏利文（Sullivan）_山川悠远 中国山水画艺术\2.1.3_山水诗、山水画的兴起.txt,human,human_expert,4.6987424,10.260563,-0.46751633,10.019889
苏利文（Sullivan）_山川悠远 中国山水画艺术\2.1.4_早期画家的贡献和作品特点.txt,human,human_expert,1.985537,5.9246755,0.2118218,11.477069
苏利文（Sullivan）_山川悠远 中国山水画艺术\2.1.5_敦煌壁画中山水元素的早期表现.txt,human,human_expert,-6.2208886,1.116037,0.051047157,13.475946
苏利文（Sullivan）_山川悠远 中国山水画艺术\2.2.1_唐代山水画发展的历史背景和社会文化环境.txt,human,human_expert,1.7221047,-12.124923,-3.497708,16.07436
苏利文（Sullivan）_山川悠远 中国山水画艺术\2.2.2_展子虔、李思训、李昭道等早期唐代山水画家的风格特点.txt,human,human_expert,-4.6372886,-7.0027685,-0.9764666,14.92152
苏利文（Sullivan）_山川悠远 中国山水画艺术\2.2.3_王维作为文人山水画开山祖师的地位及其《辋川图》的影响.txt,human,human_expert,-1.7163745,6.859078,-0.37798998,11.087526
苏利文（Sullivan）_山川悠远 中国山水画艺术\2.2.4_张璪“外师造化，中得心源”的创作理念和技法.txt,human,human_expert,0.30599636,11.414348,-0.14260596,9.034279
苏利文（Sullivan）_山川悠远 中国山水画艺术\2.2.5_唐代山水画技法的发展，如线描、“没骨”、水墨渲染的结合.txt,human,human_expert,-4.2231283,-0.6427674,-0.51017964,13.712665
苏利文（Sullivan）_山川悠远 中国山水画艺术\2.2.6_敦煌和日本正仓院所藏的唐代风格山水画.txt,human,human_expert,-1.1500908,-5.8104644,-2.1968112,14.315739
苏利文（Sullivan）_山川悠远 中国山水画艺术\2.2.7_晚唐“逸品”画家的怪诞风格及其对传统的挑战.txt,human,human_expert,-0.29658094,6.9209065,-0.7573711,10.586267
苏利文（Sullivan）_山川悠远 中国山水画艺术\2.3.1_五代，宋初山水画.txt,human,human_expert,-3.0692468,-6.44303,-1.4483858,14.766178
苏利文（Sullivan）_山川悠远 中国山水画艺术\2.3.2_北方山水画大师.txt,human,human_expert,2.5104141,7.3505235,0.42086616,11.067059
苏利文（Sullivan）_山川悠远 中国山水画艺术\2.3.3_山水画的装饰趣味和空间处理.txt,human,human_expert,0.22794192,-12.720406,-3.137868,15.864238
苏利文（Sullivan）_山川悠远 中国山水画艺术\2.3.4_北宋现实主义.txt,human,human_expert,-5.723398,0.32670498,-0.18283507,13.737347
苏利文（Sullivan）_山川悠远 中国山水画艺术\2.3.5_宋代现实主义兴起与衰退.txt,human,human_expert,3.334374,12.870847,-1.0692569,9.370713
苏利文（Sullivan）_山川悠远 中国山水画艺术\2.3.6_南宋画院风格演变.txt,human,human_expert,7.3805494,7.751377,0.34520334,9.807314
苏利文（Sullivan）_山川悠远 中国山水画艺术\2.3.7_南宋文人画的兴起.txt,human,human_expert,-0.085679516,-0.1587807,-1.882642,12.357406
苏利文（Sullivan）_山川悠远 中国山水画艺术\2.3.8_禅宗绘画的特点.txt,human,human_expert,-6.5386834,-3.2555122,-0.30520046,14.414627
苏利文（Sullivan）_山川悠远 中国山水画艺术\2.3.9_金代山水画对北宋风格的继承与变化.txt,human,human_expert,6.648274,8.673353,0.013765097,9.830473
苏利文（Sullivan）_山川悠远 中国山水画艺术\2.4.1_蒙古统治对汉族文人画家的影响.txt,human,human_expert,0.8421049,-2.8309429,-1.9059416,13.0079365
苏利文（Sullivan）_山川悠远 中国山水画艺术\2.4.2_元初画家钱选、赵孟頫的复古实践及其艺术主张.txt,human,human_expert,1.7406365,8.791584,0.39039,10.295667
苏利文（Sullivan）_山川悠远 中国山水画艺术\2.4.3_元四家.txt,human,human_expert,0.21586165,-10.415095,-2.8648925,15.499723
苏利文（Sullivan）_山川悠远 中国山水画艺术\2.4.4_元代文人画.txt,human,human_expert,-6.0233946,0.8414031,0.07964068,13.618397
苏利文（Sullivan）_山川悠远 中国山水画艺术\2.4.5_元代其他画派.txt,human,human_expert,-1.8525378,-9.403286,-2.2725954,15.336611
苏利文（Sullivan）_山川悠远 中国山水画艺术\2.5.1_明代画家的风格选择.txt,human,human_expert,2.4446974,3.5414126,-0.91097736,11.352731
苏利文（Sullivan）_山川悠远 中国山水画艺术\2.5.2_明代宫廷画家、职业画家和文人画家的追求.txt,human,human_expert,0.7431897,-2.2421415,-2.075855,12.76522
苏利文（Sullivan）_山川悠远 中国山水画艺术\2.5.3_吴门画派.txt,human,human_expert,-5.288303,-4.8816056,-0.82226753,14.662357
苏利文（Sullivan）_山川悠远 中国山水画艺术\2.5.4_文徵明.txt,human,human_expert,1.5256798,3.175415,-0.26537007,12.069503
苏利文（Sullivan）_山川悠远 中国山水画艺术\2.5.5_明代中期王阳明心学对文人思想和绘画观念的影响.txt,human,human_expert,2.0543847,3.2736442,-0.81202406,11.484916
苏利文（Sullivan）_山川悠远 中国山水画艺术\2.5.6_晚明绘画.txt,human,human_expert,0.34362465,-4.571604,-2.4833739,13.26596
苏利文（Sullivan）_山川悠远 中国山水画艺术\2.5.7_董其昌“南北宗论”.txt,human,human_expert,2.1792943,8.390064,0.33987263,10.730627
苏利文（Sullivan）_山川悠远 中国山水画艺术\2.6.1_清初“遗民”画家.txt,human,human_expert,5.499698,12.497492,-0.6510017,9.359218
苏利文（Sullivan）_山川悠远 中国山水画艺术\2.6.2_清代宫廷绘画的特点.txt,human,human_expert,-0.5351393,-2.9870613,-1.6839774,13.361854
苏利文（Sullivan）_山川悠远 中国山水画艺术\2.6.3_四王.txt,human,human_expert,2.1051567,13.523977,-0.7769567,8.766738
苏利文（Sullivan）_山川悠远 中国山水画艺术\2.6.4_清初个性派大师“四僧”.txt,human,human_expert,0.8904687,7.4102836,0.8133616,10.961991
苏利文（Sullivan）_山川悠远 中国山水画艺术\2.6.5_“扬州八怪”.txt,human,human_expert,0.29198882,-8.023921,-2.7775042,14.216958
苏利文（Sullivan）_山川悠远 中国山水画艺术\2.6.6_18世纪末至19世纪中国山水画.txt,human,human_expert,2.7366087,13.762923,-1.1133776,8.742581
苏利文（Sullivan）_山川悠远 中国山水画艺术\2.7.1_20世纪初西方文化艺术对中国山水画的冲击和挑战.txt,human,human_expert,-2.5561814,6.3608136,-0.6464295,11.019352
苏利文（Sullivan）_山川悠远 中国山水画艺术\2.7.2_传统派画家.txt,human,human_expert,0.7008543,11.497053,-0.21452543,8.985938
苏利文（Sullivan）_山川悠远 中国山水画艺术\2.7.3_融合中西的画家.txt,human,human_expert,-3.149151,6.174536,-0.7628116,10.953565
苏利文（Sullivan）_山川悠远 中国山水画艺术\2.7.4_抗日战争和内战对山水画发展方向的影响.txt,human,human_expert,-0.85992914,2.459075,-1.6020815,11.85465
苏利文（Sullivan）_山川悠远 中国山水画艺术\2.7.5_海外发展的画家.txt,human,human_expert,1.9188308,9.798947,0.46178952,10.2646885
苏利文（Sullivan）_山川悠远 中国山水画艺术\2.7.6_古为今用、洋为中用.txt,human,human_expert,2.1884375,12.172617,-1.2357777,10.078031
苏利文（Sullivan）_山川悠远 中国山水画艺术\2.7.7_当代山水画.txt,human,human_expert,1.4242712,5.5308294,0.4051925,11.731073
苏利文（Sullivan）_山川悠远 中国山水画艺术\2.7.8_中国山水画在现代社会.txt,human,human_expert,3.086396,-4.1520104,-2.2724242,12.957751
薛永年_中国绘画断代史\1.1_雍乾时期宫廷绘画的兴盛.txt,human,human_expert,3.0950072,15.056831,-1.1137283,8.306196
薛永年_中国绘画断代史\1.2_《视学》及线法画与外籍宫廷画家.txt,human,human_expert,1.3663888,-3.7598748,-1.8098097,13.229965
薛永年_中国绘画断代史\1.3_重要的宫廷绘画作品.txt,human,human_expert,-4.0129075,-3.7746286,-0.99941236,14.351492
薛永年_中国绘画断代史\1.4_宫廷中的油画作品.txt,human,human_expert,-2.8231738,-7.869224,-1.7436284,15.072765
薛永年_中国绘画断代史\1.5_词臣画与宗室画.txt,human,human_expert,-2.2560604,-2.0305624,-1.0410198,13.532647
薛永年_中国绘画断代史\2.1.1_清代的壁画.txt,human,human_expert,4.9968715,7.6307073,0.79931194,10.417349
薛永年_中国绘画断代史\2.1.2_清代的版画.txt,human,human_expert,2.201745,5.404186,0.25942406,11.682208
薛永年_中国绘画断代史\2.1.3_清代的年画.txt,human,human_expert,2.97172,2.4566116,-1.0651408,11.717142
薛永年_中国绘画断代史\2.1.4_清代的铜版画与石印画报.txt,human,human_expert,4.1156125,3.616628,-0.1688285,12.016536
薛永年_中国绘画断代史\2.1_清代的壁画，版画，年画与石印画报.txt,human,human_expert,3.9202409,3.6818886,-0.13584314,11.985828
薛永年_中国美术史：清代卷\1.1.1_承继拓展期.txt,human,human_expert,1.2189838,-10.459318,-3.113131,15.205315
薛永年_中国美术史：清代卷\1.1.2_繁荣多彩期.txt,human,human_expert,-0.035249364,-1.9425658,-1.619448,13.234187
薛永年_中国美术史：清代卷\1.1.3_古今转型期.txt,human,human_expert,0.54425544,-1.4482903,-1.5549711,12.83175
薛永年_中国美术史：清代卷\1.2.1_繪畫機構與制度.txt,human,human_expert,4.8515778,5.985205,0.1094935,10.641276
薛永年_中国美术史：清代卷\1.2.2_顺治、康熙间的宫廷绘画.txt,human,human_expert,4.3520036,11.949409,-0.4627564,9.238602
薛永年_中国美术史：清代卷\1.2.3_雍正、乾隆及其後的宫廷繪畫.txt,human,human_expert,1.660794,2.4157407,-0.75274295,12.076082
薛永年_中国美术史：清代卷\1.2.4_西学东渐与清代宫廷画.txt,human,human_expert,0.5040136,-1.2650661,-1.2545009,12.901333
谢柏轲（Jerome Silbergeld）_西方中国绘画史研究专论\1.1_宋以前绘画的考古发现.txt,human,human_expert,3.9649572,5.5003033,0.005140417,11.005762
谢柏轲（Jerome Silbergeld）_西方中国绘画史研究专论\1.2_宋和宋以后绘画的鉴定.txt,human,human_expert,1.6607398,-10.67103,-3.127166,15.383037
谢柏轲（Jerome Silbergeld）_西方中国绘画史研究专论\1.3_笔法鉴赏.txt,human,human_expert,1.4012969,-7.375842,-2.8517072,14.835597
谢柏轲（Jerome Silbergeld）_西方中国绘画史研究专论\1.4_艺术的个人风格、发展模式、变化幅度和画家性格.txt,human,human_expert,-0.7044975,-7.973028,-2.6204212,14.817359
谢柏轲（Jerome Silbergeld）_西方中国绘画史研究专论\2.1_关于风格与相关情景的流行理论.txt,human,human_expert,0.8657873,14.351774,-0.6172703,8.157616
谢柏轲（Jerome Silbergeld）_西方中国绘画史研究专论\2.2_宋以前的画论及其哲学背景.txt,human,human_expert,3.4550772,6.1519513,0.39874575,11.14085
谢柏轲（Jerome Silbergeld）_西方中国绘画史研究专论\2.3_后期画论及其哲学背景.txt,human,human_expert,0.6936,13.480336,-0.3935681,8.404901
谢柏轲（Jerome Silbergeld）_西方中国绘画史研究专论\2.4_诗画关系.txt,human,human_expert,0.5878486,-5.665289,-2.4617667,13.8067045
谢柏轲（Jerome Silbergeld）_西方中国绘画史研究专论\3.1_道释图像学.txt,human,human_expert,1.6635227,-5.832898,-2.7745163,13.938646
谢柏轲（Jerome Silbergeld）_西方中国绘画史研究专论\3.2_作为政治说教的宫廷画.txt,human,human_expert,-0.8542305,-5.9904757,-2.0899746,14.1972885
谢柏轲（Jerome Silbergeld）_西方中国绘画史研究专论\3.3_文人画的政治性图像.txt,human,human_expert,-1.1998568,3.529492,-1.5998319,11.57327
谢柏轲（Jerome Silbergeld）_西方中国绘画史研究专论\3.4_传统文学题材图卷.txt,human,human_expert,-0.65963,-6.3001122,-2.31255,14.354699
谢柏轲（Jerome Silbergeld）_西方中国绘画史研究专论\4.1_内容与相关情境之关系.txt,human,human_expert,-1.4808599,1.2164567,-1.8857434,12.053562
谢柏轲（Jerome Silbergeld）_西方中国绘画史研究专论\4.2_艺术赞助之研究的若干命题.txt,human,human_expert,2.7522678,-1.7302941,-1.6545877,12.668607
谢柏轲（Jerome Silbergeld）_西方中国绘画史研究专论\4.3_皇家赞助.txt,human,human_expert,2.6604762,-12.751122,-3.5910385,16.302097
谢柏轲（Jerome Silbergeld）_西方中国绘画史研究专论\4.4_赞助与文人.txt,human,human_expert,0.47950518,-4.148649,-2.4014704,13.375725
谢柏轲（Jerome Silbergeld）_西方中国绘画史研究专论\4.5_艺术地位与艺术：职业画家与业余画家.txt,human,human_expert,1.6887045,-8.616745,-2.958268,14.455311
谢柏轲（Jerome Silbergeld）_西方中国绘画史研究专论\4.6_艺术中的妇女.txt,human,human_expert,2.2637322,-8.143449,-2.736977,14.365208
谢柏轲（Jerome Silbergeld）_西方中国绘画史研究专论\4.7_欧洲绘画的影响.txt,human,human_expert,3.0337691,-0.38058874,-1.3642031,12.552816
贡布里希_西方人的眼光—评苏立文的《永恒的象征—中国山水画艺术\1_中国山水画的特点.txt,human,human_expert,4.2915287,-2.6276667,-2.1770096,12.817744
贡布里希_西方人的眼光—评苏立文的《永恒的象征—中国山水画艺术\2_中西方艺术批评在评价标准和表述方式上的差异.txt,human,human_expert,2.0929904,-5.40874,-2.8518476,13.781059
贡布里希_西方人的眼光—评苏立文的《永恒的象征—中国山水画艺术\3_质疑.txt,human,human_expert,2.2030134,-6.519378,-2.9462678,14.008842
贡布里希_西方人的眼光—评苏立文的《永恒的象征—中国山水画艺术\4_对苏立文著作的肯定及商榷.txt,human,human_expert,-3.1122777,2.9733202,0.33868185,11.857144
高居翰（James Cahill）_明清绘画中作为思想观念的风格\1_开篇.txt,human,human_expert,-0.496786,1.0517056,-1.8502436,12.058031
高居翰（James Cahill）_明清绘画中作为思想观念的风格\2.1_儒生对佛教美学的选择.txt,human,human_expert,1.7056267,3.8671293,-0.6000692,11.837525
高居翰（James Cahill）_明清绘画中作为思想观念的风格\2.2_仿的问题.txt,human,human_expert,1.8242853,-11.563966,-3.5118787,15.827176
高居翰（James Cahill）_明清绘画中作为思想观念的风格\3.1_没有绘画的绘画研究.txt,human,human_expert,4.7736907,1.9461967,-1.0742477,11.394587
高居翰（James Cahill）_明清绘画中作为思想观念的风格\4.1_绘画在历史中的位置.txt,human,human_expert,3.5640082,14.598888,-1.2938787,8.541151
正月(Basic).txt,mllm,gemini_baseline,2.603807,-11.977985,-3.63678,16.291302
正月(Basic).txt,mllm,gemini_baseline,-8.332081,-8.417364,-0.43739337,15.614062
正月(Basic).txt,mllm,gemini_baseline,-13.368479,-5.15903,0.5441689,16.299368
正月(Basic).txt,mllm,gemini_baseline,-3.1230087,-10.449282,-1.99046,15.728454
正月(Basic).txt,mllm,gemini_baseline,0.40020287,-14.480053,-3.3408175,15.470555
正月(Basic).txt,mllm,gemini_baseline,-5.9591546,-11.045426,-1.041944,15.911661
正月(Basic).txt,mllm,gemini_baseline,4.07982,-9.204667,-3.0061846,15.028019
正月(with_Brother_Thomas).txt,mllm,gemini_baseline,-1.289562,-11.048896,-2.3439064,15.735376
正月(with_Brother_Thomas).txt,mllm,gemini_baseline,-6.647649,-4.3847337,-0.33375138,14.709088
正月(with_Brother_Thomas).txt,mllm,gemini_baseline,-1.7877871,-12.894523,-2.619039,15.784753
正月(with_Brother_Thomas).txt,mllm,gemini_baseline,-0.9525198,-1.8458294,-1.4467727,13.198146
正月(with_Dr_Aris_Thorne).txt,mllm,gemini_baseline,-9.267224,-7.3548803,-0.09487742,15.489542
正月(with_Dr_Aris_Thorne).txt,mllm,gemini_baseline,-13.41536,-3.7143452,0.6062371,16.384243
正月(with_Dr_Aris_Thorne).txt,mllm,gemini_baseline,-4.3307657,-8.736908,-1.3515562,15.582567
正月(with_Dr_Aris_Thorne).txt,mllm,gemini_baseline,-6.322176,-9.88404,-0.90431327,16.058363
正月(with_Dr_Aris_Thorne).txt,mllm,gemini_baseline,2.0526423,-9.5727415,-2.8544676,15.173942
正月(with_Guo_Xi).txt,mllm,gemini_baseline,-7.23357,-4.2544417,-0.29777846,14.778733
正月(with_Guo_Xi).txt,mllm,gemini_baseline,-13.200289,-5.335196,0.49627638,16.28599
正月(with_Guo_Xi).txt,mllm,gemini_baseline,-3.6615078,-11.203882,-1.8799696,15.665877
正月(with_Guo_Xi).txt,mllm,gemini_baseline,-4.7175627,-8.187574,-1.0581856,15.409151
正月(with_Guo_Xi).txt,mllm,gemini_baseline,-5.9968734,-10.292826,-1.0578026,15.869457
正月(with_Guo_Xi).txt,mllm,gemini_baseline,-7.914535,-4.2020864,0.035756458,14.725737
正月(with_John_Ruskin).txt,mllm,gemini_baseline,-2.347132,-10.394765,-2.0391884,15.707093
正月(with_John_Ruskin).txt,mllm,gemini_baseline,-8.7305765,-4.7542453,0.13668427,14.729115
正月(with_John_Ruskin).txt,mllm,gemini_baseline,-12.281603,-4.223351,0.6772061,16.146242
正月(with_John_Ruskin).txt,mllm,gemini_baseline,-4.263957,-9.532981,-1.4201778,15.671294
正月(with_John_Ruskin).txt,mllm,gemini_baseline,-3.2699358,-5.819497,-1.3022723,14.584372
正月(with_John_Ruskin).txt,mllm,gemini_baseline,-6.3186774,-10.599493,-1.0192077,15.961112
正月(with_John_Ruskin).txt,mllm,gemini_baseline,3.3794222,1.0182276,-0.99454767,12.241143
正月(with_Mama_Zola).txt,mllm,gemini_baseline,-6.2960205,-7.814226,-1.48375,15.325472
正月(with_Mama_Zola).txt,mllm,gemini_baseline,-0.9431987,-11.048797,-2.4227455,15.736983
正月(with_Mama_Zola).txt,mllm,gemini_baseline,-9.543699,-7.964442,-0.16810024,15.551377
正月(with_Mama_Zola).txt,mllm,gemini_baseline,-5.0743737,-1.836407,-0.5782254,13.650019
正月(with_Mama_Zola).txt,mllm,gemini_baseline,-4.342966,-6.2322917,-1.1565315,14.964909
正月(with_Mama_Zola).txt,mllm,gemini_baseline,-5.966159,-8.893112,-1.5089767,15.854557
正月(with_Mama_Zola).txt,mllm,gemini_baseline,-2.3851533,-4.623662,-1.4688911,14.226349
正月(with_Okakura_Kakuzo).txt,mllm,gemini_baseline,-1.5133802,-11.657426,-2.4921958,15.814135
正月(with_Okakura_Kakuzo).txt,mllm,gemini_baseline,-9.2538395,-6.2812405,0.06794228,15.233661
正月(with_Okakura_Kakuzo).txt,mllm,gemini_baseline,-12.48871,-4.3379354,0.54602355,16.235205
正月(with_Okakura_Kakuzo).txt,mllm,gemini_baseline,-4.2066426,-1.5702614,-0.47539243,13.575504
正月(with_Okakura_Kakuzo).txt,mllm,gemini_baseline,-4.5007925,-6.329733,-1.0754629,14.874624
正月(with_Okakura_Kakuzo).txt,mllm,gemini_baseline,-6.250763,-9.718248,-1.0469365,15.830133
正月(with_Okakura_Kakuzo).txt,mllm,gemini_baseline,4.260467,-7.0525675,-2.1231987,13.847376
正月(with_Professor_Elena_Petrova).txt,mllm,gemini_baseline,1.4224569,-13.316489,-3.4951398,15.933645
正月(with_Professor_Elena_Petrova).txt,mllm,gemini_baseline,-9.047688,-5.5933332,0.18403117,15.015469
正月(with_Professor_Elena_Petrova).txt,mllm,gemini_baseline,-13.524552,-3.85174,0.48833963,16.478418
正月(with_Professor_Elena_Petrova).txt,mllm,gemini_baseline,-3.8653786,-9.153409,-1.2333839,15.450346
正月(with_Professor_Elena_Petrova).txt,mllm,gemini_baseline,-5.2446294,-6.732916,-0.9576315,15.080916
正月(with_Professor_Elena_Petrova).txt,mllm,gemini_baseline,-8.02502,-3.7019825,-0.041081123,14.531658
正月(with_Professor_Elena_Petrova).txt,mllm,gemini_baseline,1.5629661,-0.08265127,-0.926067,13.071138
正月(with_Su_Shi).txt,mllm,gemini_baseline,-1.9446434,-10.51764,-2.4455447,15.5610485
正月(with_Su_Shi).txt,mllm,gemini_baseline,-9.377107,-7.1313744,-0.07000371,15.474514
正月(with_Su_Shi).txt,mllm,gemini_baseline,-13.108653,-3.771953,0.64894843,16.352732
正月(with_Su_Shi).txt,mllm,gemini_baseline,-9.719514,-7.9774804,-0.12367789,15.561332
正月(with_Su_Shi).txt,mllm,gemini_baseline,-6.7777205,-11.305953,-0.95230836,16.03524
正月(with_Su_Shi).txt,mllm,gemini_baseline,-11.221473,-3.8466394,0.7732138,16.050472
